coûts,tentât,نحن,bêchât,sit,les,empêchiez,les,sit,sed
لكم,لا,hendrerit,ألم,non,sit,mauris,nunc,poinçon,أبجد
أبجد,هوز,التحليل,نريد,لا,إيليت.,التحليل,لارضاء,mauris,نحن
empêchiez,إيليت.,osèrent,الضوئي،,لكم,sit,dés,faucibus,tentât,التحليل
الضوئي،,non,أبجد,coûts,hendrerit,نريد,dés,poinçon,empêchiez,الضوئي،
non,نريد,tentât,non,Phasellus,les,sit,أبجد,Pellentesque,ôter
non,coûts,أبجد,sit,لارضاء,أبجد,bêchât,التحليل,هوز,tentât
les,التحليل,bêchât,لارضاء,Pellentesque,ألم,non,لارضاء,Phasellus,هوز
osèrent,empêchiez,hendrerit,لارضاء,لا,bêchât,bêchât,لارضاء,là,non
poinçon,أبجد,hendrerit,أبجد,ôter,bêchât,لا,التحليل,هوز,أبجد
